{
  "results": [
    {
      "product_id": 7,
      "quantity": 1,
      "product_price": 4500,
      "product_name": "을지로 마스킹 테이프",
      "product_thumbnail": "https://store.baemin.com/data/goods/20/12/50/333/333_list_04.jpg",
      "product_option_id": 2,
      "product_option_classification": "컬러",
      "product_option_name": "RED",
      "order_id": 3,
      "order_status": "결제전"
    },
    {
      "product_id": 3,
      "quantity": 3,
      "product_price": 4500,
      "product_name": "다음 품목",
      "product_thumbnail": "https://store.baemin.com/data/goods/20/12/50/333/333_list_04.jpg",
      "product_option_id": 2,
      "product_option_classification": "컬러",
      "product_option_name": "BLUE",
      "order_id": 3,
      "order_status": "결제전"
    },
    {
      "product_id": 3,
      "quantity": 2,
      "product_price": 42500,
      "product_name": "3번째 품목",
      "product_thumbnail": "https://store.baemin.com/data/goods/20/12/50/333/333_list_04.jpg",
      "product_option_id": 3,
      "product_option_classification": "사이즈",
      "product_option_name": "옵션2",
      "order_id": 3,
      "order_status": "결제전"
    },
    {
      "product_id": 13,
      "quantity": 1,
      "product_price": 14500,
      "product_name": "마지막 마지막 마지막",
      "product_thumbnail": "https://store.baemin.com/data/goods/20/12/50/333/333_list_04.jpg",
      "product_option_id": "",
      "product_option_classification": "",
      "product_option_name": "",
      "order_id": 3,
      "order_status": "결제전"
    },
    {
      "product_id": 3,
      "quantity": 1,
      "product_price": 42500,
      "product_name": "3번째 품목",
      "product_thumbnail": "https://store.baemin.com/data/goods/20/12/50/333/333_list_04.jpg",
      "product_option_id": 3,
      "product_option_classification": "사이즈",
      "product_option_name": "옵션3",
      "order_id": 2,
      "order_status": "결제중"
    }
  ]
}
