[ 
    {
    "id": 1,
    "productName" :"을지로 일회용캬메라. 잘 나왔다",
    "imgURL":"https://lifearchive.co.kr/wp-content/uploads/2020/01/1000x1500_01-1.jpg",
    "isSale" : true,
    "isBest" : false,
    "isNew" : true,
    "isJjim" : false,
    "discountRate" : 20,
    "beforePrice" : 19000,
    "finalPrice" : 15200,
    "stockCount" : 3
},
{
    "id": 2,
    "productName" :"볼펜. 나도 언젠간 쓸데가 있겠지",
    "imgURL":"http://img2.tmon.kr/cdn3/deals/2020/07/08/3949145954/catlist_3col_v2_eccf0_ikzyv.jpg",
    "isSale" : false,
    "isBest" : false,
    "isNew" : false,
    "isJjim" : false,
    "discountRate" : 0,
    "beforePrice" : 4500,
    "finalPrice" : 4500,
    "stockCount" : 1
},
{
    "id": 3,
    "productName" :"미니갑티슈 세트. 티었슈?",
    "imgURL":"http://jesus1019.cafe24.com/%C5%E4%C5%BB%B1%A4%B0%ED/%C8%A3%C5%DA%BF%EB%C7%B0%20301~446/381%20%B9%E8%B3%CA.jpg",
    "isSale" : true,
    "isBest" : true,
    "isNew" : false,
    "isJjim" : false,
    "discountRate" : 50,
    "beforePrice" : 4800,
    "finalPrice" : 2400,
    "stockCount" : 0
    
    },
    {
    "id": 4,
    "productName" :"립볶이에디션",
    "imgURL":"https://laka.co.kr/web/info/wsls/detail_01.jpg",
    "isSale" : false,
    "isBest" : true,
    "isNew" : false,
    "isJjim" : false,
    "discountRate" : 0,
    "beforePrice" : 9000,
    "finalPrice" : 9000,
    "stockCount" : 10
    
    }
    ,
    {
    "id": 5,
    "productName" :"작은 쇼핑백. 축복",
    "imgURL":"http://thumbnail.10x10.co.kr/webimage/image/basic600/270/B002700598.jpg?cmd=thumb&w=500&h=500&fit=true&ws=false",
    "isSale" : false,
    "isBest" : false,
    "isNew" : false,
    "isJjim" : false,
    "discountRate" : 0,
    "beforePrice" : 0,
    "finalPrice" : 1800,
    "stockCount" : 10
    
    }
]

